use db_pozoriste_promena;

SET FOREIGN_KEY_CHECKS = 0;

ALTER DATABASE db_pozoriste_promena CHARACTER SET utf8mb4 COLLATE utf8mb4_unicode_ci;

insert into istorijat (tekst, slike_id) values ('Electronic', 1);


insert into osoba (broj_telefona, ime, mejl, opis, prezime, prioritet, slika1, slika2) values (0, 'Aleksandra', 'aleksandramrdjen@hotmail.com', 'Dramaturg', 'Mrđen', 1, 'prva slika 1', 'druga slika 1');

insert into osoba (broj_telefona, ime, mejl, opis, prezime, prioritet, slika1, slika2) values (0 , 'Aljoša', 'aljosadjidic1@gmail.com', 'Glumac', 'Đidić', 10, 'prva slika 2', 'druga slika 2');

insert into osoba (broj_telefona, ime, mejl, opis, prezime, prioritet, slika1, slika2) values (0 , 'Ana', 'anaancikeserovic@gmail.com', 'Glumac', 'Keserović', 10, 'prva slika 3', 'druga slika 3');

insert into osoba (broj_telefona, ime, mejl, opis, prezime, prioritet, slika1, slika2) values (0 , 'Ana', 'arudakijevic88@yahoo.com', 'Glumac', 'Rudakijević', 10, 'prva slika 3', 'druga slika 3');

insert into osoba (broj_telefona, ime, mejl, opis, prezime, prioritet, slika1, slika2) values (0 , 'Bojana', 'bojanamilanovic90@hotmail.com', 'Glumac', 'Milanović', 10, 'prva slika 3', 'druga slika 3');

insert into osoba (broj_telefona, ime, mejl, opis, prezime, prioritet, slika1, slika2) values (0 , 'Dejan', 'dejanakademija@yahoo.com', 'Glumac', 'Maksimović', 10, 'prva slika 3', 'druga slika 3');

insert into osoba (broj_telefona, ime, mejl, opis, prezime, prioritet, slika1, slika2) values (0 , 'Dušan', 'dusan.lj.vukasinovic@gmail.com', 'Glumac', 'Vukašinović', 10, 'prva slika 3', 'druga slika 3');

insert into osoba (broj_telefona, ime, mejl, opis, prezime, prioritet, slika1, slika2) values (0 , 'Eldar', 'eldar_zubcevic@hotmail.com', 'Glumac', 'Zubčević', 10, 'prva slika 3', 'druga slika 3');

insert into osoba (broj_telefona, ime, mejl, opis, prezime, prioritet, slika1, slika2) values (0 , 'Ema', 'muratovicema2@gmail.com', 'Glumac', 'Muratović', 10, 'prva slika 3', 'druga slika 3');

insert into osoba (broj_telefona, ime, mejl, opis, prezime, prioritet, slika1, slika2) values (0 , 'Isidora', 'isidora.vlcek0708@gmail.com', 'Glumac', 'Vlček', 10, 'prva slika 3', 'druga slika 3');

insert into osoba (broj_telefona, ime, mejl, opis, prezime, prioritet, slika1, slika2) values (0 , 'Julija', 'petkovic.julija60@gmail.com', 'Glumac', 'Petković', 10, 'prva slika 3', 'druga slika 3');

insert into osoba (broj_telefona, ime, mejl, opis, prezime, prioritet, slika1, slika2) values (0 , 'Katarina', '', 'Glumac', 'Bradonjić', 10, 'prva slika 3', 'druga slika 3');

insert into osoba (broj_telefona, ime, mejl, opis, prezime, prioritet, slika1, slika2) values (0 , 'Ksenija', 'ksenijamitrovic05@gmail.com', 'Glumac', 'Mitrović', 10, 'prva slika 3', 'druga slika 3');

insert into osoba (broj_telefona, ime, mejl, opis, prezime, prioritet, slika1, slika2) values (0 , 'Mia', 'miasimonovic7@gmail.com', 'Glumac', 'Simonović', 10, 'prva slika 3', 'druga slika 3');

insert into osoba (broj_telefona, ime, mejl, opis, prezime, prioritet, slika1, slika2) values (0 , 'Milica', 'secerov.milica@gmail.com', 'Glumac', 'Šećerov', 10, 'prva slika 3', 'druga slika 3');

insert into osoba (broj_telefona, ime, mejl, opis, prezime, prioritet, slika1, slika2) values (0 , 'Miloš', 'milos.lazic1992@gmail.com', 'Glumac', 'Lazić', 10, 'prva slika 3', 'druga slika 3');

insert into osoba (broj_telefona, ime, mejl, opis, prezime, prioritet, slika1, slika2) values (0 , 'Miloš', 'mlucic17@yahoo.com', 'Glumac', 'Lučić', 10, 'prva slika 3', 'druga slika 3');

insert into osoba (broj_telefona, ime, mejl, opis, prezime, prioritet, slika1, slika2) values (0 , 'Mina', 'mina.pavlica13@gmail.com', 'Glumac', 'Pavlica', 10, 'prva slika 3', 'druga slika 3');

insert into osoba (broj_telefona, ime, mejl, opis, prezime, prioritet, slika1, slika2) values (0 , 'Nadežda', 'nadjajakovljevic94@gmail.com', 'Glumac', 'Jakovljević', 10, 'prva slika 3', 'druga slika 3');

insert into osoba (broj_telefona, ime, mejl, opis, prezime, prioritet, slika1, slika2) values (0 , 'Nikola', 'nikola.knezevic41@gmail.com', 'Glumac', 'Knežević', 10, 'prva slika 3', 'druga slika 3');

insert into osoba (broj_telefona, ime, mejl, opis, prezime, prioritet, slika1, slika2) values (0 , 'Nikola', 'dzezenrol@gmail.com', 'Glumac', 'Živanović', 10, 'prva slika 3', 'druga slika 3');

insert into osoba (broj_telefona, ime, mejl, opis, prezime, prioritet, slika1, slika2) values (0 , 'Rade', 'marrade96@live.com', 'Glumac', 'Maričić', 10, 'prva slika 3', 'druga slika 3');

insert into osoba (broj_telefona, ime, mejl, opis, prezime, prioritet, slika1, slika2) values (0 , 'Rastko', 'micicrastko96@gmail.com', 'Glumac', 'Mićić', 10, 'prva slika 3', 'druga slika 3');

insert into osoba (broj_telefona, ime, mejl, opis, prezime, prioritet, slika1, slika2) values (0 , 'Sonja', 'soniaisailovic@gmail.com', 'Glumac', 'Isailović', 10, 'prva slika 3', 'druga slika 3');

insert into osoba (broj_telefona, ime, mejl, opis, prezime, prioritet, slika1, slika2) values (0 , 'Staša', 'stasablecic@gmail.com', 'Glumac', 'Blečić', 10, 'prva slika 3', 'druga slika 3');

insert into osoba (broj_telefona, ime, mejl, opis, prezime, prioritet, slika1, slika2) values (0 , 'Stefan', 'cileberonja@gmail.com', 'Glumac', 'Beronja', 10, 'prva slika 3', 'druga slika 3');

insert into osoba (broj_telefona, ime, mejl, opis, prezime, prioritet, slika1, slika2) values (0 , 'Una', '', 'Glumac', 'Beić', 10, 'prva slika 3', 'druga slika 3');

insert into osoba (broj_telefona, ime, mejl, opis, prezime, prioritet, slika1, slika2) values (0 , 'Vanja', 'kovacevic.v@yahoo.com', 'Glumac', 'Kovačević', 10, 'prva slika 3', 'druga slika 3');




insert into predstava (naslov, opis, slika, video, osoba_id, slike_id) values ('Eling i Kjel Bjarne', 'Kamerna norveška komedija*Eling već trideset godina harmonično živi sa svojom majkom, bez potrebe za spoljašnjim svetom. Ali jednog dana ona umire, Eling se zaključava u ormar, i odvode ga u ustanovu za duševno obolele. Tamo ga dočekuje novi sustanar, Kjel Bjarne. Čovek koji jako voli žene ali mu s njima ne polazi za rukom. Jednu je zaprosio skinuvši pantalone pred njom, i tako dospeo u ustanovu. Uprkos razlikama, njih dvojica sklapaju prijateljstvo i, nakon dve godine dolaze na red za probu samostalnog života u državnom stanu u centru Osla, pod nadzorom socijalnog radnika Franka Aslija. Tamo im sledi pregršt izazova ,,stvarnog sveta”, čudna poznanstva sa ljudima i svetom oko sebe, do sada nepoznate brige, mistična iskustva i pitanje hoće li očuvati prijateljstvo. Potraga za ljubavlju, slobodom, pozivom i prijateljstvom i sopstvom počinje. Uz zrno ludosti koje ,,normalnom” svetu fali.', 'ElingiKjelBjarne_2', 'trejler1', 1, 1);

insert into predstava (naslov, opis, slika, video, osoba_id, slike_id) values ('Laku noć majko', 'Drama*Na zabačenom seoskom putu žive majka i ćerka - Telma i Džesi Kejts. U toku je jedno sasvim obično subotnje veče. Međutim, u jednom trenutku Džesi saopštava majci da će se te iste večeri ubiti.Ovo je porodična psihološka drama koja govori o ćutanju i prećutkivanju kao sredstvima komunikacije - o ćutanju kao kažnjavanju, i prećutkivanju kao želji da se izbegne istina i suočavanje sa njom.Da li je jedno veče istine, ljubavi i iskrenosti dovoljno da se zaboravi sve nagomilano do tad?', 'LakuNoćMajko_1', '', 2, 2);

insert into predstava (naslov, opis, slika, video, osoba_id, slike_id) values ('Ljubavnik', 'Drama*Sara i Ričard su bračni par koji živi u Engleskoj, u predgrađu Vindzora. Njihov brak je otvoren, što podrazumeva da Ričard dozvoljava Sari vezu sa drugim muškarcem. Nju ljubavnik posećuje svakog popodneva, dok je Ričard na poslu.Jednog dana, Ričard odlučuje da prekine takav način života jer želi da živi u tradicionalnom braku sa svojom suprugom, sa čime se Sara ne slaže. On je istrajan u svojoj nameri, pokušavajući da sve vrati mogućem početku – tamo gde će se njihova iscrpljena i potrošena strast i ponovo oživljena vera prepoznati kao ljubav. KO JE TAJ MUŠKARAC KOJI POSEĆUJE SARU I KAKVU TO IGRU NJIH DVOJE ZAPRAVO IGRAJU?', 'Ljubavnik_1', 'https://www.youtube.com/watch?v=AianAt4Mmi0 ', 3, 3);

insert into predstava (naslov, opis, slika, video, osoba_id, slike_id) values ('Mali bračni zločini', 'Drama*Od drugog uvek očekujemo odgovor, očekujemo da on bude odgovor i upravo otuda dolazi sav onaj bol koji nanosimo jedni drugima u ljubavi. “Kada vidite muškarca i ženu pred matičarem, pitate li se ko će od njih dvoje postati ubica?” Da li je bol u ljubavi neminovan? Da li svako želi da svede na minimum drugoga i njegovu različitost? Žil i Liz se ponovo sreću posle Žilove nesreće zbog koje je doživeo amneziju. On Liz više ne prepoznaje. Da li je ona zaista njegova žena? Da li je to zaista njegov stan, njihov stan? Sam je sebi postao stranac.Postavlja pitanje. Ona, međutim, takvo ponašanje ne prihvata: on je njen muž i gotovo! On i dalje sumnja. Žilova amnezija će im omogućiti da, sasvim bezazleno, zarone do dna svog bračnog odnosa. Šta će tu otkriti?', 'MaliBračniZločini_1', '', 4, 4);

insert into predstava (naslov, opis, slika, video, osoba_id, slike_id) values ('Prijemni ispit', 'Kolokvijum prve godine glume*Prijemni ispit je kolokvijum rađen po istinitim motivima studenata prve godine glume. Kroz kakve situacije, anegdote, strahove, tračeve, emotivne momente prolaze i kakav je put bio svakoj osobi do upisa, da li sličan ili potpuno različit.', 'PrijemniIspit_1', '', 4, 4);

insert into predstava (naslov, opis, slika, video, osoba_id, slike_id) values ('Putujuće pozorište Šopalović', 'Kamerna norveška komedija*,,Kao sve dobre drame, Putujuće pozorište Šopalović počinje više nego jednostavno. Jednog letnjeg dana u Užice dolazi pozorišna trupa koja se sprema da igra Šilerove Razbojnike. Nasred Rakijske pijace oni izvode jednu scenu iz komada kojom bi hteli da izazovu interesovanje za svoju predstavu. Nažalost, trenutak koji su izabrali ne može biti nepogodniji: jedna je od prvih akcija okupacije, počela su vešanja i streljanja, grad je pun izbeglica iz Bosne koje su se spasile od ustaša, a pozorište i gluma u svesti običnih građana provincijskog gradića još uvek su nešto ne sasvim dolično i u mirna, a kamoli ratna vremena. U takvoj atmosferi melodrmaska scena iz Razbojnika deluje krajnje neprikladno, i revoltirani građani ne štede reči pogrde za glumce što su došli da igraju svoju predstavu ne videći i ne obazirući se na njihove nevolje...Simovićeva drama počinje sa umetnošću u koju se meša stvarnost i razara je, a završava se sa umetnošću koja se meša u stvarnost i preobražava je. U poslednjoj sceni pozorište i život razilaze se: glumci odlaze iz Užica, i ponovo su samo putujući glumci što lutaju iz mesta u mesto sa šarenom lažom svoje umetnosti. Sve je kao što je bilo i pre, samo što nema Filipa. (…) Njihova umetnost, koja je na početku komada bila jadna i nikakva, za trenutak je osvetlila život i preobrazila ga, sada je opet jadna i nikakva. Simović je sjajno odabrao da umetnost koja se prepliće sa životom ne bude umetnost velikih, već umetnost putujućih glumaca. U tome ima malo osmeha na račun umetnosti, ali i vere da je umetnost – umetnost čak i kada se nađe u rukama putujućih glumaca. Sigurno i neusiljeno, Putujuće pozorište Šopalović kreće se od krajnjeg realizma ka pesničkoj viziji, i gotovo ne primećujemo trenutak u kome se dramskom piscu pridružio pesnik.''', 'PutujućePozorišteŠopalović_1', '', 4, 4);

insert into predstava (naslov, opis, slika, video, osoba_id, slike_id) values ('Ručni rad ili tajna jednog pisma', 'Kamerna norveška komedija*Krimi crna komedija o ljubavi i tri žene. Prvoj ženi potrebna je mušterija za ilegalni posao kojim se bavi. Drugoj ženi potrebne su usluge prve zbog problema sa mužem. Trećoj ženi potreban je muškarac, i to baš onaj koji je problem drugoj. 
Adaptacija teksta, scena, izbor muzike: Nikola Končarević 
Reč reditelja: Istražujući ovaj crnohumorni, groteskni, na momente i apsurdni komad Žan-Klod Danoa napisan još 1977, dva pitanja su nam se nametnula kao tema buduće predstave: Šta je sve čovek sposoban da uradi u nedostatku ljubavi? i Gde će ga to odvesti?. Ta dva pitanja su, sasvim sigurno, večna tema. Nas je zanimalo, kroz adaptaciju ovog komada, kakve nam odgovore nudi vreme u kome živimo. Instant ideologije? Mržnja? Hiljade kurseva samopomoći? Religija u vidu modnih detalja i lažnog morala? NVO? Dizajnirani modeli i obrasci poželjnog izgleda i ponašanja unutar šovinističkog sveta ili unutar sveta kvaziemancipovanih žena, samoprozvanih feministkinja? Sve ono što nam danonoćno nutka sistem u kome je apsolutno sve postalo roba? A šta je u kapitalizmu bolja roba od večnih tema kojima se lako i povoljno možete (za)baviti na vikend akciji u tržnom centru ili na TV-u? U terorističkoj ili antiterorističkoj organizaciji? Baveći se ovim odgovorima i mehanizmom koji ih nudi i čiji su proizvod ljudi tj. potrošači poput (anti)junakinja komada „Ručni rad“ – mislim da smo došli i do odgovora na prva dva pitanja. 
', 'RučniRadIliTajnaJednogPisma_1', '', 4, 4);

insert into predstava (naslov, opis, slika, video, osoba_id, slike_id) values ('Slučaj Harms', 'Kamerna norveška komedija*Tajanstveni nestanci, nesrećni slučajevi, neverovatni i nepovezani događaji, ubistva, tuče, ispadanje ljudi kroz prozor - sve su to krhotine groteskne i crnohumorne slike sveta u neobičnim antipričama slavnog ruskog parodičara Danila Ivanoviča Harmsa. Harms je svoje istomišljenike našao u krugu pesnika koji su sebe nazivali OBERIUTIMA. Pripadnici ovog pokreta bili su čudesni umetnici skloni apsurdu, nekorektnosti i traženju novih umetničkih formi. Organizovali su književne večeri na kojima su čitali prozu, recitovali budalaštine, i energično treskali po lošim izvedbama starih umetničkih formi. Možda će vam se učiniti da su njihovi sižei nerealni i nelogični, ali ko je rekao da je svakodnevna logika obavezna za umetnost!?', 'SlučajHarms_1', 'trejler4', 4, 4);

insert into predstava (naslov, opis, slika, video, osoba_id, slike_id) values ('Život provincijskih plejboja', 'Srpska komedija del arte*Иза седам гора иза седам мора, негде, у некој провинцији живе наши интелектуалци, радници, лепотице, мамини синови, спремачице, глумице, наши ПЛЕЈБОЈИ са свим својим манама.', 'ŽivorProvincijskihPlejboja_1', '', 4, 4);

insert into predstava (naslov, opis, slika, video, osoba_id, slike_id) values ('Javno čitanje drama studenata dramaturgije ', 'Ulaz besplatan*', '', '', 0, 0);

insert into predstava (naslov, opis, slika, video, osoba_id, slike_id) values ('Kraj partije', 'Drama*Kraj partije'' je predstava o odnosu roditelja i deteta i cikličnosti i ponavljanju istih odnosa iz generacije u generaciju. Ham i Klov žive u nekoj vrsti simbioze i ne mogu jedno bez drugog, ali ipak nemaju saosećanja jedno prema drugome. U iščašenom svetu u kojem nije još mnogo šta ostalo, jedino čemu mogu da se nadaju je da dođe kraj te njihove igre. ', 'ŽivorProvincijskihPlejboja_2', '', 0, 0);



-- Eling i Kjel Bjarne
insert into predstava_osoba (uloga, osoba_id, predstava_id) values ('Eling', 21, 1);
insert into predstava_osoba (uloga, osoba_id, predstava_id) values ('Kjel Bjarne', 16, 1);
insert into predstava_osoba (uloga, osoba_id, predstava_id) values ('Gun, Johane, Pesnikinja, Rejdun', 18, 1);
insert into predstava_osoba (uloga, osoba_id, predstava_id) values ('Alfons Jorgensen', 7, 1);
-- fali Milan Kolak – Frank Asli, Pesnik

-- Laku noć majko
insert into predstava_osoba (uloga, osoba_id, predstava_id) values ('Telma ', 3, 2);
insert into predstava_osoba (uloga, osoba_id, predstava_id) values ('Džesi ', 11, 2);

-- Ljubavnik
insert into predstava_osoba (uloga, osoba_id, predstava_id) values ('Ričard', 6, 3);
insert into predstava_osoba (uloga, osoba_id, predstava_id) values ('Sara ', 19, 3);
insert into predstava_osoba (uloga, osoba_id, predstava_id) values ('Džon', 23, 3);

-- Mali bračni zločini
insert into predstava_osoba (uloga, osoba_id, predstava_id) values ('Liz', 9, 4);
insert into predstava_osoba (uloga, osoba_id, predstava_id) values ('Žil', 22, 4);

-- Prijemni ispit
insert into predstava_osoba (uloga, osoba_id, predstava_id) values ('Glumac', 27, 5);
insert into predstava_osoba (uloga, osoba_id, predstava_id) values ('Glumac', 27, 5);

-- Putujuće pozorište Šopalović
insert into predstava_osoba (uloga, osoba_id, predstava_id) values ('Glumac', 2, 6);
insert into predstava_osoba (uloga, osoba_id, predstava_id) values ('Glumac', 4, 6);
insert into predstava_osoba (uloga, osoba_id, predstava_id) values ('Glumac', 26, 6);
insert into predstava_osoba (uloga, osoba_id, predstava_id) values ('Glumac', 20, 6);
insert into predstava_osoba (uloga, osoba_id, predstava_id) values ('Glumac', 28, 6);
insert into predstava_osoba (uloga, osoba_id, predstava_id) values ('Glumac', 13, 6);
insert into predstava_osoba (uloga, osoba_id, predstava_id) values ('Glumac', 10, 6);
insert into predstava_osoba (uloga, osoba_id, predstava_id) values ('Glumac', 25, 6);

-- Ručni rad ili tajna jednog pisma
insert into predstava_osoba (uloga, osoba_id, predstava_id) values ('Velika Udovica', 5, 7);
insert into predstava_osoba (uloga, osoba_id, predstava_id) values ('Sofi ', 14, 7);
insert into predstava_osoba (uloga, osoba_id, predstava_id) values ('Gospođica Ptipa', 24, 7);
insert into predstava_osoba (uloga, osoba_id, predstava_id) values ('Gad', 8, 7);

-- Slučaj Harms
insert into predstava_osoba (uloga, osoba_id, predstava_id) values ('Glumac', 28, 8);
insert into predstava_osoba (uloga, osoba_id, predstava_id) values ('Glumac', 25, 8);
insert into predstava_osoba (uloga, osoba_id, predstava_id) values ('Glumac', 26, 8);
insert into predstava_osoba (uloga, osoba_id, predstava_id) values ('Glumac', 20, 8);
insert into predstava_osoba (uloga, osoba_id, predstava_id) values ('Glumac', 2, 8);
insert into predstava_osoba (uloga, osoba_id, predstava_id) values ('Glumac', 4, 8);
insert into predstava_osoba (uloga, osoba_id, predstava_id) values ('Glumac', 10, 8);
insert into predstava_osoba (uloga, osoba_id, predstava_id) values ('Glumac', 13, 8);

insert into predstava_osoba (uloga, osoba_id, predstava_id) values ('Glumac', 22, 9);
insert into predstava_osoba (uloga, osoba_id, predstava_id) values ('Glumac', 3, 9);
insert into predstava_osoba (uloga, osoba_id, predstava_id) values ('Glumac', 19, 9);
insert into predstava_osoba (uloga, osoba_id, predstava_id) values ('Glumac', 6, 9);
insert into predstava_osoba (uloga, osoba_id, predstava_id) values ('Glumac', 9, 9);
insert into predstava_osoba (uloga, osoba_id, predstava_id) values ('Glumac', 17, 9);
insert into predstava_osoba (uloga, osoba_id, predstava_id) values ('Glumac', 23, 9);
insert into predstava_osoba (uloga, osoba_id, predstava_id) values ('Glumac', 11, 9);

insert into predstava_osoba (uloga, osoba_id, predstava_id) values ('Glumac', 26, 11);



















insert into repertoar (datum, predstava_id) values ('2018-11-03 20:00:00', 4);

insert into repertoar (datum, predstava_id) values ('2018-11-04 20:00:00', 2);

insert into repertoar (datum, predstava_id) values ('2018-11-10 20:00:00', 3);

insert into repertoar (datum, predstava_id) values ('2018-11-11 20:00:00', 9);

insert into repertoar (datum, predstava_id) values ('2018-11-12 21:00:00', 10);

insert into repertoar (datum, predstava_id) values ('2018-11-26 20:00:00', 11);

insert into repertoar (datum, predstava_id) values ('2018-11-30 20:00:00', 5);




insert into security_user (username, password, first_name, last_name, role) values ('admin', '$2a$04$7elx3PRQa10AC76ojfehH.5FVDPZSyx3CdcdQQfqNvi7X6TKcp6h2', 'Admin', 'Admin', 'ADMIN');


-- slike
insert into slike (datum, namena, sadrzaj) values ('02.1.2018','Eling i Kjel Bjarne', 'ElingiKjelBjarne_1');
insert into slike (datum, namena, sadrzaj) values ('02.1.2018','Eling i Kjel Bjarne', 'ElingiKjelBjarne_2');
insert into slike (datum, namena, sadrzaj) values ('02.1.2018','Eling i Kjel Bjarne', 'ElingiKjelBjarne_3');
insert into slike (datum, namena, sadrzaj) values ('02.1.2018','Eling i Kjel Bjarne', 'ElingiKjelBjarne_4');
insert into slike (datum, namena, sadrzaj) values ('02.1.2018','Eling i Kjel Bjarne', 'ElingiKjelBjarne_5');
insert into slike (datum, namena, sadrzaj) values ('02.1.2018','Eling i Kjel Bjarne', 'ElingiKjelBjarne_6');

insert into slike (datum, namena, sadrzaj) values ('02.1.2018','Laku noć majko', 'LakuNoćMajko_1');
insert into slike (datum, namena, sadrzaj) values ('02.1.2018','Laku noć majko', 'LakuNoćMajko_2');
insert into slike (datum, namena, sadrzaj) values ('02.1.2018','Laku noć majko', 'LakuNoćMajko_3');
insert into slike (datum, namena, sadrzaj) values ('02.1.2018','Laku noć majko', 'LakuNoćMajko_4');
insert into slike (datum, namena, sadrzaj) values ('02.1.2018','Laku noć majko', 'LakuNoćMajko_5');
insert into slike (datum, namena, sadrzaj) values ('02.1.2018','Laku noć majko', 'LakuNoćMajko_6');
insert into slike (datum, namena, sadrzaj) values ('02.1.2018','Laku noć majko', 'LakuNoćMajko_7');
insert into slike (datum, namena, sadrzaj) values ('02.1.2018','Laku noć majko', 'LakuNoćMajko_8');
insert into slike (datum, namena, sadrzaj) values ('02.1.2018','Laku noć majko', 'LakuNoćMajko_9');
insert into slike (datum, namena, sadrzaj) values ('02.1.2018','Laku noć majko', 'LakuNoćMajko_10');
insert into slike (datum, namena, sadrzaj) values ('02.1.2018','Laku noć majko', 'LakuNoćMajko_11');
insert into slike (datum, namena, sadrzaj) values ('02.1.2018','Laku noć majko', 'LakuNoćMajko_12');
insert into slike (datum, namena, sadrzaj) values ('02.1.2018','Laku noć majko', 'LakuNoćMajko_13');
insert into slike (datum, namena, sadrzaj) values ('02.1.2018','Laku noć majko', 'LakuNoćMajko_14');
insert into slike (datum, namena, sadrzaj) values ('02.1.2018','Laku noć majko', 'LakuNoćMajko_15');
insert into slike (datum, namena, sadrzaj) values ('02.1.2018','Laku noć majko', 'LakuNoćMajko_16');
insert into slike (datum, namena, sadrzaj) values ('02.1.2018','Laku noć majko', 'LakuNoćMajko_16');
insert into slike (datum, namena, sadrzaj) values ('02.1.2018','Laku noć majko', 'LakuNoćMajko_17');
insert into slike (datum, namena, sadrzaj) values ('02.1.2018','Laku noć majko', 'LakuNoćMajko_18');
insert into slike (datum, namena, sadrzaj) values ('02.1.2018','Laku noć majko', 'LakuNoćMajko_19');
insert into slike (datum, namena, sadrzaj) values ('02.1.2018','Laku noć majko', 'LakuNoćMajko_20');

insert into slike (datum, namena, sadrzaj) values ('02.1.2018','Ljubavnik', 'Ljubavnik_1');
insert into slike (datum, namena, sadrzaj) values ('02.1.2018','Ljubavnik', 'Ljubavnik_2');
insert into slike (datum, namena, sadrzaj) values ('02.1.2018','Ljubavnik', 'Ljubavnik_3');
insert into slike (datum, namena, sadrzaj) values ('02.1.2018','Ljubavnik', 'Ljubavnik_4');
insert into slike (datum, namena, sadrzaj) values ('02.1.2018','Ljubavnik', 'Ljubavnik_5');
insert into slike (datum, namena, sadrzaj) values ('02.1.2018','Ljubavnik', 'Ljubavnik_6');
insert into slike (datum, namena, sadrzaj) values ('02.1.2018','Ljubavnik', 'Ljubavnik_7');
insert into slike (datum, namena, sadrzaj) values ('02.1.2018','Ljubavnik', 'Ljubavnik_8');
insert into slike (datum, namena, sadrzaj) values ('02.1.2018','Ljubavnik', 'Ljubavnik_9');
insert into slike (datum, namena, sadrzaj) values ('02.1.2018','Ljubavnik', 'Ljubavnik_10');
insert into slike (datum, namena, sadrzaj) values ('02.1.2018','Ljubavnik', 'Ljubavnik_11');
insert into slike (datum, namena, sadrzaj) values ('02.1.2018','Ljubavnik', 'Ljubavnik_12');
insert into slike (datum, namena, sadrzaj) values ('02.1.2018','Ljubavnik', 'Ljubavnik_13');
insert into slike (datum, namena, sadrzaj) values ('02.1.2018','Ljubavnik', 'Ljubavnik_14');
insert into slike (datum, namena, sadrzaj) values ('02.1.2018','Ljubavnik', 'Ljubavnik_15');
insert into slike (datum, namena, sadrzaj) values ('02.1.2018','Ljubavnik', 'Ljubavnik_16');
insert into slike (datum, namena, sadrzaj) values ('02.1.2018','Ljubavnik', 'Ljubavnik_17');
insert into slike (datum, namena, sadrzaj) values ('02.1.2018','Ljubavnik', 'Ljubavnik_18');
insert into slike (datum, namena, sadrzaj) values ('02.1.2018','Ljubavnik', 'Ljubavnik_19');
insert into slike (datum, namena, sadrzaj) values ('02.1.2018','Ljubavnik', 'Ljubavnik_20');
insert into slike (datum, namena, sadrzaj) values ('02.1.2018','Ljubavnik', 'Ljubavnik_21');
insert into slike (datum, namena, sadrzaj) values ('02.1.2018','Ljubavnik', 'Ljubavnik_22');

insert into slike (datum, namena, sadrzaj) values ('02.1.2018','Mali bračni zločini', 'MaliBračniZločini_1');
insert into slike (datum, namena, sadrzaj) values ('02.1.2018','Mali bračni zločini', 'MaliBračniZločini_2');
insert into slike (datum, namena, sadrzaj) values ('02.1.2018','Mali bračni zločini', 'MaliBračniZločini_3');
insert into slike (datum, namena, sadrzaj) values ('02.1.2018','Mali bračni zločini', 'MaliBračniZločini_4');
insert into slike (datum, namena, sadrzaj) values ('02.1.2018','Mali bračni zločini', 'MaliBračniZločini_5');
insert into slike (datum, namena, sadrzaj) values ('02.1.2018','Mali bračni zločini', 'MaliBračniZločini_6');
insert into slike (datum, namena, sadrzaj) values ('02.1.2018','Mali bračni zločini', 'MaliBračniZločini_7');
insert into slike (datum, namena, sadrzaj) values ('02.1.2018','Mali bračni zločini', 'MaliBračniZločini_8');
insert into slike (datum, namena, sadrzaj) values ('02.1.2018','Mali bračni zločini', 'MaliBračniZločini_9');
insert into slike (datum, namena, sadrzaj) values ('02.1.2018','Mali bračni zločini', 'MaliBračniZločini_10');
insert into slike (datum, namena, sadrzaj) values ('02.1.2018','Mali bračni zločini', 'MaliBračniZločini_11');
insert into slike (datum, namena, sadrzaj) values ('02.1.2018','Mali bračni zločini', 'MaliBračniZločini_12');
insert into slike (datum, namena, sadrzaj) values ('02.1.2018','Mali bračni zločini', 'MaliBračniZločini_13');
insert into slike (datum, namena, sadrzaj) values ('02.1.2018','Mali bračni zločini', 'MaliBračniZločini_14');
insert into slike (datum, namena, sadrzaj) values ('02.1.2018','Mali bračni zločini', 'MaliBračniZločini_15');
insert into slike (datum, namena, sadrzaj) values ('02.1.2018','Mali bračni zločini', 'MaliBračniZločini_16');
insert into slike (datum, namena, sadrzaj) values ('02.1.2018','Mali bračni zločini', 'MaliBračniZločini_17');
insert into slike (datum, namena, sadrzaj) values ('02.1.2018','Mali bračni zločini', 'MaliBračniZločini_18');

insert into slike (datum, namena, sadrzaj) values ('02.1.2018','Prijemni ispit', 'PrijemniIspit_1');
insert into slike (datum, namena, sadrzaj) values ('02.1.2018','Prijemni ispit', 'PrijemniIspit_2');
insert into slike (datum, namena, sadrzaj) values ('02.1.2018','Prijemni ispit', 'PrijemniIspit_3');
insert into slike (datum, namena, sadrzaj) values ('02.1.2018','Prijemni ispit', 'PrijemniIspit_4');
insert into slike (datum, namena, sadrzaj) values ('02.1.2018','Prijemni ispit', 'PrijemniIspit_5');
insert into slike (datum, namena, sadrzaj) values ('02.1.2018','Prijemni ispit', 'PrijemniIspit_6');
insert into slike (datum, namena, sadrzaj) values ('02.1.2018','Prijemni ispit', 'PrijemniIspit_7');
insert into slike (datum, namena, sadrzaj) values ('02.1.2018','Prijemni ispit', 'PrijemniIspit_8');
insert into slike (datum, namena, sadrzaj) values ('02.1.2018','Prijemni ispit', 'PrijemniIspit_9');
insert into slike (datum, namena, sadrzaj) values ('02.1.2018','Prijemni ispit', 'PrijemniIspit_10');
insert into slike (datum, namena, sadrzaj) values ('02.1.2018','Prijemni ispit', 'PrijemniIspit_11');
insert into slike (datum, namena, sadrzaj) values ('02.1.2018','Prijemni ispit', 'PrijemniIspit_12');
insert into slike (datum, namena, sadrzaj) values ('02.1.2018','Prijemni ispit', 'PrijemniIspit_13');
insert into slike (datum, namena, sadrzaj) values ('02.1.2018','Prijemni ispit', 'PrijemniIspit_14');
insert into slike (datum, namena, sadrzaj) values ('02.1.2018','Prijemni ispit', 'PrijemniIspit_15');
insert into slike (datum, namena, sadrzaj) values ('02.1.2018','Prijemni ispit', 'PrijemniIspit_16');
insert into slike (datum, namena, sadrzaj) values ('02.1.2018','Prijemni ispit', 'PrijemniIspit_17');
insert into slike (datum, namena, sadrzaj) values ('02.1.2018','Prijemni ispit', 'PrijemniIspit_18');

insert into slike (datum, namena, sadrzaj) values ('02.1.2018','Putujuće pozorište Šopalović', 'PutujućePozorišteŠopalović_1');
insert into slike (datum, namena, sadrzaj) values ('02.1.2018','Putujuće pozorište Šopalović', 'PutujućePozorišteŠopalović_2');
insert into slike (datum, namena, sadrzaj) values ('02.1.2018','Putujuće pozorište Šopalović', 'PutujućePozorišteŠopalović_3');
insert into slike (datum, namena, sadrzaj) values ('02.1.2018','Putujuće pozorište Šopalović', 'PutujućePozorišteŠopalović_4');
insert into slike (datum, namena, sadrzaj) values ('02.1.2018','Putujuće pozorište Šopalović', 'PutujućePozorišteŠopalović_5');
insert into slike (datum, namena, sadrzaj) values ('02.1.2018','Putujuće pozorište Šopalović', 'PutujućePozorišteŠopalović_6');
insert into slike (datum, namena, sadrzaj) values ('02.1.2018','Putujuće pozorište Šopalović', 'PutujućePozorišteŠopalović_7');
insert into slike (datum, namena, sadrzaj) values ('02.1.2018','Putujuće pozorište Šopalović', 'PutujućePozorišteŠopalović_8');
insert into slike (datum, namena, sadrzaj) values ('02.1.2018','Putujuće pozorište Šopalović', 'PutujućePozorišteŠopalović_9');
insert into slike (datum, namena, sadrzaj) values ('02.1.2018','Putujuće pozorište Šopalović', 'PutujućePozorišteŠopalović_10');
insert into slike (datum, namena, sadrzaj) values ('02.1.2018','Putujuće pozorište Šopalović', 'PutujućePozorišteŠopalović_11');
insert into slike (datum, namena, sadrzaj) values ('02.1.2018','Putujuće pozorište Šopalović', 'PutujućePozorišteŠopalović_12');

insert into slike (datum, namena, sadrzaj) values ('02.1.2018','Ručni rad ili tajna jednog pisma', 'RučniRadIliTajnaJednogPisma_1');
insert into slike (datum, namena, sadrzaj) values ('02.1.2018','Ručni rad ili tajna jednog pisma', 'RučniRadIliTajnaJednogPisma_2');
insert into slike (datum, namena, sadrzaj) values ('02.1.2018','Ručni rad ili tajna jednog pisma', 'RučniRadIliTajnaJednogPisma_3');
insert into slike (datum, namena, sadrzaj) values ('02.1.2018','Ručni rad ili tajna jednog pisma', 'RučniRadIliTajnaJednogPisma_4');
insert into slike (datum, namena, sadrzaj) values ('02.1.2018','Ručni rad ili tajna jednog pisma', 'RučniRadIliTajnaJednogPisma_5');
insert into slike (datum, namena, sadrzaj) values ('02.1.2018','Ručni rad ili tajna jednog pisma', 'RučniRadIliTajnaJednogPisma_6');
insert into slike (datum, namena, sadrzaj) values ('02.1.2018','Ručni rad ili tajna jednog pisma', 'RučniRadIliTajnaJednogPisma_7');

insert into slike (datum, namena, sadrzaj) values ('02.1.2018','Slučaj Harms', 'SlučajHarms_1');
insert into slike (datum, namena, sadrzaj) values ('02.1.2018','Slučaj Harms', 'SlučajHarms_2');
insert into slike (datum, namena, sadrzaj) values ('02.1.2018','Slučaj Harms', 'SlučajHarms_3');
insert into slike (datum, namena, sadrzaj) values ('02.1.2018','Slučaj Harms', 'SlučajHarms_4');
insert into slike (datum, namena, sadrzaj) values ('02.1.2018','Slučaj Harms', 'SlučajHarms_5');
insert into slike (datum, namena, sadrzaj) values ('02.1.2018','Slučaj Harms', 'SlučajHarms_6');

insert into slike (datum, namena, sadrzaj) values ('02.1.2018','Život provincijskih plejboja', 'ŽivorProvincijskihPlejboja_1');
insert into slike (datum, namena, sadrzaj) values ('02.1.2018','Život provincijskih plejboja', 'ŽivorProvincijskihPlejboja_2');
insert into slike (datum, namena, sadrzaj) values ('02.1.2018','Život provincijskih plejboja', 'ŽivorProvincijskihPlejboja_3');
insert into slike (datum, namena, sadrzaj) values ('02.1.2018','Život provincijskih plejboja', 'ŽivorProvincijskihPlejboja_4');
insert into slike (datum, namena, sadrzaj) values ('02.1.2018','Život provincijskih plejboja', 'ŽivorProvincijskihPlejboja_5');
insert into slike (datum, namena, sadrzaj) values ('02.1.2018','Život provincijskih plejboja', 'ŽivorProvincijskihPlejboja_6');
insert into slike (datum, namena, sadrzaj) values ('02.1.2018','Život provincijskih plejboja', 'ŽivorProvincijskihPlejboja_7');
insert into slike (datum, namena, sadrzaj) values ('02.1.2018','Život provincijskih plejboja', 'ŽivorProvincijskihPlejboja_8');
insert into slike (datum, namena, sadrzaj) values ('02.1.2018','Život provincijskih plejboja', 'ŽivorProvincijskihPlejboja_9');
insert into slike (datum, namena, sadrzaj) values ('02.1.2018','Život provincijskih plejboja', 'ŽivorProvincijskihPlejboja_10');
insert into slike (datum, namena, sadrzaj) values ('02.1.2018','Život provincijskih plejboja', 'ŽivorProvincijskihPlejboja_11');
insert into slike (datum, namena, sadrzaj) values ('02.1.2018','Život provincijskih plejboja', 'ŽivorProvincijskihPlejboja_12');
insert into slike (datum, namena, sadrzaj) values ('02.1.2018','Život provincijskih plejboja', 'ŽivorProvincijskihPlejboja_13');
insert into slike (datum, namena, sadrzaj) values ('02.1.2018','Život provincijskih plejboja', 'ŽivorProvincijskihPlejboja_14');



insert into vesti (naslov, opis, slike_id) values ('Hamlet','dobra predstava', 1);

insert into vesti (naslov, opis, slike_id) values ('Rezim ljubavi','dobra predstava', 2);

insert into vesti (naslov, opis, slike_id) values ('Kerovi','dobra predstava', 3);

insert into vesti (naslov, opis, slike_id) values ('Zlatni lancic od bizuterije', 'kull', 4);